SET SCHEMA FN71958;

INSERT INTO CARDEALERSHIPS(NAME, ADDRESS, CITY) VALUES ('Mercedes - Varna', 'Avtomagistrala Hemus 39', 'Varna');
INSERT INTO CARDEALERSHIPS(NAME, ADDRESS, CITY) VALUES ('Mercedes - Plovdiv', 'bul. Golqma Konarsko shose', 'Plovdiv');
INSERT INTO CARDEALERSHIPS(NAME, ADDRESS, CITY) VALUES ('Mercedes - Sofia', 'ul. Rezbarska 5', 'Sofia');

INSERT INTO CARS(VIN, TYPE, MODEL, ENGINE, TRANSMISSION, EXTERIOR_INTERIOR, COLOR, BASE_PRICE) VALUES ('WDBGA51E4TA328716', 'Limousines', 'S500 - 4MATIC (W223)', '3.0 V6 - 435HP - Petrol', 'Automatic', 'Exterior - Standard Pack & Interior - Standard Pack', 'Black', 208875.00);
INSERT INTO CARS(VIN, TYPE, MODEL, ENGINE, TRANSMISSION, EXTERIOR_INTERIOR, COLOR, BASE_PRICE) VALUES ('WDBPJ76J83A033474', 'Limousines', 'S500 - 4MATIC (W223)', '3.0 V6 - 435HP - Petrol', 'Automatic', 'Exterior - Standard Pack & Interior - Standard Pack', 'Black', 208875.30);
INSERT INTO CARS(VIN, TYPE, MODEL, ENGINE, TRANSMISSION, EXTERIOR_INTERIOR, COLOR, BASE_PRICE) VALUES ('WDBPJ76J83A033474', 'Limousines', 'E450 - 4MATIC (W213)', '3.0 - 390HP - Petrol', 'Automatic', 'Exterior - Standard Pack & Interior - Standard Pack', 'Grey', 109500.00);
INSERT INTO CARS(VIN, TYPE, MODEL, ENGINE, TRANSMISSION, EXTERIOR_INTERIOR, COLOR, BASE_PRICE) VALUES ('WDDAJ76F77M001273', 'Limousines', 'C300d (W206)', '2.0 - 285HP - Diesel', 'Automatic', 'Exterior - Standard Pack & Interior - Standard Pack', 'Grey', 98250.00);
INSERT INTO CARS(VIN, TYPE, MODEL, ENGINE, TRANSMISSION, EXTERIOR_INTERIOR, COLOR, BASE_PRICE) VALUES ('WDDPK5HA5EF088122', 'Coupe', 'AMG CLA 35 4MATIC (C118)', '2.0 - 306HP - Petrol', 'Automatic', 'Exterior - Standard Pack & Interior - Standard Pack', 'White', 83500.00);
INSERT INTO CARS(VIN, TYPE, MODEL, ENGINE, TRANSMISSION, EXTERIOR_INTERIOR, COLOR, BASE_PRICE) VALUES ('WDBHA23G2WA615736', 'SUV', 'AMG G 63 (W463)', '4.0 V8 - 585HP - Petrol', 'Automatic', 'Exterior - Standard Pack & Interior - Standard Pack', 'Grey', 264000.00);
INSERT INTO CARS(VIN, TYPE, MODEL, ENGINE, TRANSMISSION, EXTERIOR_INTERIOR, COLOR, BASE_PRICE) VALUES ('WDBEA51E5MB528345', 'Convertible', 'AMG GT 63 S 4MATIC+ Roadster(X290)', '4.0 - 639HP - Petrol', 'Automatic', 'Exterior - Standard Pack & Interior - Standard Pack', 'Red', 255245.59);

INSERT INTO MODIFICATIONS(KIND_MODIFICATION, PRICE) VALUES ('Medium Pack - Exterior & Interior', 5999.99);
INSERT INTO MODIFICATIONS(KIND_MODIFICATION, PRICE) VALUES ('Premium Pack - Exterior & Interior', 19999.99);
INSERT INTO MODIFICATIONS(KIND_MODIFICATION, PRICE) VALUES ('AMG Pack - Exterior & Interior', 12500.99);
INSERT INTO MODIFICATIONS(KIND_MODIFICATION, PRICE) VALUES ('AMG - Alloy Wheels 21', 5890.00);
INSERT INTO MODIFICATIONS(KIND_MODIFICATION, PRICE) VALUES ('Burmester High - End 4D Surround', 16180.00);

INSERT INTO SERVICES(KIND_SERVICE, DESCRIPTION_OF_SERVICE) VALUES ('Financing and insurance', 'Together with our colleagues we will be happy to inform you about the various possibilities for financing and insurance of a used car, and they will subsequently offer you an individual offer tailored to your needs. Simple and without complications.');
INSERT INTO SERVICES(KIND_SERVICE, DESCRIPTION_OF_SERVICE) VALUES ('Test Driving', 'Never refuse a test drive. Only with the feeling of driving can you make a good choice. And the heart will help you in your choice. The key to this is your dealer. He is your partner for all questions related to your dream car: Make an appointment for a test drive now!');

INSERT INTO STAFF(SNUM, NAME, PHONE, EMAIL, POSITION, CAR_DEALERSHIP_NAME) VALUES ('3598270974', 'Jeff', '3593993738', 'jeff@abv.bg', 'Broker', 'Mercedes - Varna');
INSERT INTO STAFF(SNUM, NAME, PHONE, EMAIL, POSITION, CAR_DEALERSHIP_NAME) VALUES ('3598580613', 'Patric', '3593965072', 'patric@abv.bg', 'Broker', 'Mercedes - Plovdiv');
INSERT INTO STAFF(SNUM, NAME, PHONE, EMAIL, POSITION, CAR_DEALERSHIP_NAME) VALUES ('3593003373', 'Angel', '3593707416', 'angel@abv.bg', 'Manager', 'Mercedes - Sofia');

INSERT INTO CLIENTS(PHONE, NAME, ADDRESS, EMAIL) VALUES ('3593777809', 'Jason', 'bul. Slivnica 182', 'jason@abv.bg');
INSERT INTO CLIENTS(PHONE, NAME, ADDRESS, EMAIL, CAR) VALUES ('3598265465', 'David', 'bul. Tsar Osvoboditel 96', 'david@abv.bg', 'Mercedes C300d');
INSERT INTO CLIENTS(PHONE, NAME, ADDRESS, EMAIL, CAR, ANNUAL_CHECK_UP) VALUES ('3598468125', 'Martin', 'ul. Pavlikeni 22', 'martin@abv.bg', 'Mercedes S500', '21/1/2022');
INSERT INTO CLIENTS(PHONE, NAME, ADDRESS, EMAIL, CAR, ANNUAL_CHECK_UP, SERVICE_HISTORY) VALUES ('3593943430', 'Mike', 'ul. Hristo Samsarov 41', 'mike@abv.bg', 'Mercedes E450', '12/6/2022', 'Oil Change - 45238km');
INSERT INTO CLIENTS(PHONE, NAME, ADDRESS, EMAIL, CAR, ANNUAL_CHECK_UP) VALUES ('3598632949', 'Ant', 'ul. Qne Sandanski 1', 'ant@abv.bg', 'Mercedes AMG CLA 35', '13/3/2022');
INSERT INTO CLIENTS(PHONE, NAME, ADDRESS, EMAIL, CAR, ANNUAL_CHECK_UP, SERVICE_HISTORY) VALUES ('3593920084', 'Eduard', 'ul. Ruse 45', 'eduard@abv.bg', 'Mercedes AMG G 63', '27/12/2021', 'Water pump and timing belt replacement - 103333km');
INSERT INTO CLIENTS(PHONE, NAME, ADDRESS, EMAIL, CAR, ANNUAL_CHECK_UP, SERVICE_HISTORY) VALUES ('3598341520', 'Mark', 'ul. Todor Jivkov 22', 'mark@abv.bg', 'Mercedes AMG GT 63 S Roadster', '25/11/2021', 'Replacement of oil seals and engine head gasket');

INSERT INTO OFFERS(CAR_DEALERSHIP_NAME, KIND_SERVICE) VALUES ('Mercedes - Varna', 'Financing and insurance');
INSERT INTO OFFERS(CAR_DEALERSHIP_NAME, KIND_SERVICE) VALUES ('Mercedes - Varna', 'Test Driving');
INSERT INTO OFFERS(CAR_DEALERSHIP_NAME, KIND_SERVICE) VALUES ('Mercedes - Plovdiv', 'Financing and insurance');
INSERT INTO OFFERS(CAR_DEALERSHIP_NAME, KIND_SERVICE) VALUES ('Mercedes - Plovdiv', 'Test Driving');
INSERT INTO OFFERS(CAR_DEALERSHIP_NAME, KIND_SERVICE) VALUES ('Mercedes - Sofia', 'Financing and insurance');
INSERT INTO OFFERS(CAR_DEALERSHIP_NAME, KIND_SERVICE) VALUES ('Mercedes - Sofia', 'Test Driving');

INSERT INTO OWNS(CAR_DEALERSHIP_NAME, VIN) VALUES ('Mercedes - Varna', 'WDBGA51E4TA328716');
INSERT INTO OWNS(CAR_DEALERSHIP_NAME, VIN) VALUES ('Mercedes - Varna', 'WDBPJ76J83A033474');
INSERT INTO OWNS(CAR_DEALERSHIP_NAME, VIN) VALUES ('Mercedes - Varna', 'WDDAJ76F77M001273');
INSERT INTO OWNS(CAR_DEALERSHIP_NAME, VIN) VALUES ('Mercedes - Varna', 'WDDPK5HA5EF088122');
INSERT INTO OWNS(CAR_DEALERSHIP_NAME, VIN) VALUES ('Mercedes - Varna', 'WDBHA23G2WA615736');
INSERT INTO OWNS(CAR_DEALERSHIP_NAME, VIN) VALUES ('Mercedes - Varna', 'WDBEA51E5MB528345');
INSERT INTO OWNS(CAR_DEALERSHIP_NAME, VIN) VALUES ('Mercedes - Plovdiv', 'WDBGA51E4TA328716');
INSERT INTO OWNS(CAR_DEALERSHIP_NAME, VIN) VALUES ('Mercedes - Plovdiv', 'WDBPJ76J83A033474');
INSERT INTO OWNS(CAR_DEALERSHIP_NAME, VIN) VALUES ('Mercedes - Plovdiv', 'WDDAJ76F77M001273');
INSERT INTO OWNS(CAR_DEALERSHIP_NAME, VIN) VALUES ('Mercedes - Plovdiv', 'WDDPK5HA5EF088122');
INSERT INTO OWNS(CAR_DEALERSHIP_NAME, VIN) VALUES ('Mercedes - Plovdiv', 'WDBHA23G2WA615736');
INSERT INTO OWNS(CAR_DEALERSHIP_NAME, VIN) VALUES ('Mercedes - Plovdiv', 'WDBEA51E5MB528345');
INSERT INTO OWNS(CAR_DEALERSHIP_NAME, VIN) VALUES ('Mercedes - Sofia', 'WDBGA51E4TA328716');
INSERT INTO OWNS(CAR_DEALERSHIP_NAME, VIN) VALUES ('Mercedes - Sofia', 'WDBPJ76J83A033474');
INSERT INTO OWNS(CAR_DEALERSHIP_NAME, VIN) VALUES ('Mercedes - Sofia', 'WDDAJ76F77M001273');
INSERT INTO OWNS(CAR_DEALERSHIP_NAME, VIN) VALUES ('Mercedes - Sofia', 'WDDPK5HA5EF088122');
INSERT INTO OWNS(CAR_DEALERSHIP_NAME, VIN) VALUES ('Mercedes - Sofia', 'WDBHA23G2WA615736');
INSERT INTO OWNS(CAR_DEALERSHIP_NAME, VIN) VALUES ('Mercedes - Sofia', 'WDBEA51E5MB528345');

INSERT INTO HAS(VIN, KIND_MODIFICATION) VALUES ('WDBGA51E4TA328716', 'Medium Pack - Exterior & Interior');
INSERT INTO HAS(VIN, KIND_MODIFICATION) VALUES ('WDBGA51E4TA328716', 'Premium Pack - Exterior & Interior');
INSERT INTO HAS(VIN, KIND_MODIFICATION) VALUES ('WDBGA51E4TA328716', 'AMG Pack - Exterior & Interior');
INSERT INTO HAS(VIN, KIND_MODIFICATION) VALUES ('WDBGA51E4TA328716', 'AMG - Alloy Wheels 21');
INSERT INTO HAS(VIN, KIND_MODIFICATION) VALUES ('WDBGA51E4TA328716', 'Burmester High - End 4D Surround');

INSERT INTO HAS(VIN, KIND_MODIFICATION) VALUES ('WDBPJ76J83A033474', 'Medium Pack - Exterior & Interior');
INSERT INTO HAS(VIN, KIND_MODIFICATION) VALUES ('WDBPJ76J83A033474', 'Premium Pack - Exterior & Interior');
INSERT INTO HAS(VIN, KIND_MODIFICATION) VALUES ('WDBPJ76J83A033474', 'AMG Pack - Exterior & Interior');
INSERT INTO HAS(VIN, KIND_MODIFICATION) VALUES ('WDBPJ76J83A033474', 'AMG - Alloy Wheels 21');
INSERT INTO HAS(VIN, KIND_MODIFICATION) VALUES ('WDBPJ76J83A033474', 'Burmester High - End 4D Surround');

INSERT INTO HAS(VIN, KIND_MODIFICATION) VALUES ('WDDAJ76F77M001273', 'Medium Pack - Exterior & Interior');
INSERT INTO HAS(VIN, KIND_MODIFICATION) VALUES ('WDDAJ76F77M001273', 'Premium Pack - Exterior & Interior');
INSERT INTO HAS(VIN, KIND_MODIFICATION) VALUES ('WDDAJ76F77M001273', 'AMG Pack - Exterior & Interior');
INSERT INTO HAS(VIN, KIND_MODIFICATION) VALUES ('WDDAJ76F77M001273', 'AMG - Alloy Wheels 21');
INSERT INTO HAS(VIN, KIND_MODIFICATION) VALUES ('WDDAJ76F77M001273', 'Burmester High - End 4D Surround');

INSERT INTO HAS(VIN, KIND_MODIFICATION) VALUES ('WDDPK5HA5EF088122', 'Medium Pack - Exterior & Interior');
INSERT INTO HAS(VIN, KIND_MODIFICATION) VALUES ('WDDPK5HA5EF088122', 'Premium Pack - Exterior & Interior');
INSERT INTO HAS(VIN, KIND_MODIFICATION) VALUES ('WDDPK5HA5EF088122', 'AMG Pack - Exterior & Interior');
INSERT INTO HAS(VIN, KIND_MODIFICATION) VALUES ('WDDPK5HA5EF088122', 'AMG - Alloy Wheels 21');
INSERT INTO HAS(VIN, KIND_MODIFICATION) VALUES ('WDDPK5HA5EF088122', 'Burmester High - End 4D Surround');

INSERT INTO HAS(VIN, KIND_MODIFICATION) VALUES ('WDBHA23G2WA615736', 'Medium Pack - Exterior & Interior');
INSERT INTO HAS(VIN, KIND_MODIFICATION) VALUES ('WDBHA23G2WA615736', 'Premium Pack - Exterior & Interior');
INSERT INTO HAS(VIN, KIND_MODIFICATION) VALUES ('WDBHA23G2WA615736', 'AMG Pack - Exterior & Interior');
INSERT INTO HAS(VIN, KIND_MODIFICATION) VALUES ('WDBHA23G2WA615736', 'AMG - Alloy Wheels 21');
INSERT INTO HAS(VIN, KIND_MODIFICATION) VALUES ('WDBHA23G2WA615736', 'Burmester High - End 4D Surround');

INSERT INTO HAS(VIN, KIND_MODIFICATION) VALUES ('WDBEA51E5MB528345', 'Medium Pack - Exterior & Interior');
INSERT INTO HAS(VIN, KIND_MODIFICATION) VALUES ('WDBEA51E5MB528345', 'Premium Pack - Exterior & Interior');
INSERT INTO HAS(VIN, KIND_MODIFICATION) VALUES ('WDBEA51E5MB528345', 'AMG Pack - Exterior & Interior');
INSERT INTO HAS(VIN, KIND_MODIFICATION) VALUES ('WDBEA51E5MB528345', 'AMG - Alloy Wheels 21');
INSERT INTO HAS(VIN, KIND_MODIFICATION) VALUES ('WDBEA51E5MB528345', 'Burmester High - End 4D Surround');

INSERT INTO USE(PHONE_CLIENT, SNUM_STAFF, KIND_SERVICE) VALUES ('3598468125', '3598580613', 'Financing and insurance');
INSERT INTO USE(PHONE_CLIENT, SNUM_STAFF, KIND_SERVICE) VALUES ('3593777809', '3598270974', 'Financing and insurance');
INSERT INTO USE(PHONE_CLIENT, SNUM_STAFF, KIND_SERVICE) VALUES ('3598632949', '3593003373', 'Test Driving');
INSERT INTO USE(PHONE_CLIENT, SNUM_STAFF, KIND_SERVICE) VALUES ('3598632949', '3593003373', 'Financing and insurance');

INSERT INTO BUY(PHONE_CLIENT, SNUM_STAFF, VIN) VALUES ('3593777809', '3598270974', 'WDBGA51E4TA328716');
INSERT INTO BUY(PHONE_CLIENT, SNUM_STAFF, VIN) VALUES ('3598468125', '3598270974', 'WDBGA51E4TA328716');
INSERT INTO BUY(PHONE_CLIENT, SNUM_STAFF, VIN) VALUES ('3598632949', '3598580613', 'WDDPK5HA5EF088122');
INSERT INTO BUY(PHONE_CLIENT, SNUM_STAFF, VIN) VALUES ('3593920084', '3593003373', 'WDBHA23G2WA615736');